{"dataset": "gdrive/MyDrive/Colab Notebooks/paper/00- My Data/one-phased method/Hbase/Hbase_DE - v.01.csv", "preprocessing_params": {"data": {"dataset": {"columns_name": ["text", "bug_class_2"], "columns_dtype": {"0": "str", "1": "int64"}, "bug_classes": [0, 1], "num_bug_classes": 2}}, "keyword_Based": true, "docMaxLen": 100}, "dataset_params": {"train_size": 0.8, "balance_train": false, "batch_size": 32}, "model_params": {"filter_sizes": [3, 4, 5], "conv_kernel_output_channel": 64, "embedding_size": 300, "longest_sentence_length": 8256, "dropout_zero_prob": 0.5}, "train_params": {"epochs": 20, "l2_reg_lambda": 0.1, "max_learning_rate": 0.005, "min_learning_rate": 0.0001, "decay_coefficient": 2.5}, "class_distributions": {"whole": {"0": 6144, "1": 3057}, "train": {"0": 4875, "1": 2485}, "validation": {"0": 1269, "1": 572}}, "model_results": {"train": {"confusion_matrix": [[[2612, 2263], [1162, 1323]], [[3107, 1768], [884, 1601]], [[3352, 1523], [762, 1723]], [[3704, 1171], [595, 1890]], [[3908, 967], [474, 2011]], [[4113, 762], [365, 2120]], [[4183, 692], [328, 2157]], [[4279, 596], [293, 2192]], [[4365, 510], [255, 2230]], [[4373, 502], [207, 2278]], [[4380, 495], [206, 2279]], [[4436, 439], [194, 2291]], [[4428, 447], [198, 2287]], [[4448, 427], [200, 2285]], [[4492, 383], [187, 2298]], [[4482, 393], [193, 2292]], [[4496, 379], [165, 2320]], [[4466, 409], [174, 2311]], [[4515, 360], [186, 2299]], [[4514, 361], [168, 2317]]], "accuracy": [53.464673913043484, 63.96739130434783, 68.9538043478261, 76.00543478260869, 80.42119565217392, 84.6875, 86.1413043478261, 87.9211956521739, 89.60597826086956, 90.36684782608695, 90.47554347826086, 91.39945652173913, 91.23641304347827, 91.48097826086956, 92.25543478260869, 92.03804347826086, 92.6086956521739, 92.07880434782608, 92.58152173913044, 92.8125], "acc_per_class": [[53.57948717948718, 53.239436619718305], [63.733333333333334, 64.42655935613682], [68.75897435897436, 69.33601609657948], [75.97948717948718, 76.05633802816901], [80.16410256410256, 80.92555331991952], [84.36923076923077, 85.3118712273642], [85.8051282051282, 86.80080482897384], [87.77435897435898, 88.2092555331992], [89.53846153846153, 89.738430583501], [89.7025641025641, 91.67002012072435], [89.84615384615384, 91.7102615694165], [90.99487179487178, 92.19315895372233], [90.83076923076922, 92.03219315895372], [91.24102564102564, 91.95171026156942], [92.14358974358974, 92.4748490945674], [91.93846153846154, 92.23340040241449], [92.22564102564102, 93.36016096579478], [91.61025641025641, 92.99798792756539], [92.61538461538461, 92.51509054325956], [92.59487179487179, 93.2394366197183]], "cost": [213.49274039268494, 154.44455963373184, 140.52779659628868, 125.2482445538044, 112.31463634967804, 99.49284890294075, 94.40623328089714, 89.38080257177353, 84.6489269733429, 81.82172693312168, 80.84049008786678, 78.74506965279579, 78.22041414678097, 77.84873469173908, 76.04115085303783, 76.01159776747227, 73.37934140861034, 74.55752596259117, 74.01467834413052, 73.5268442928791]}, "validation": {"confusion_matrix": [[[203, 1066], [34, 538]], [[1038, 231], [379, 193]], [[513, 756], [105, 467]], [[836, 433], [256, 316]], [[818, 451], [254, 318]], [[860, 409], [288, 284]], [[852, 417], [281, 291]], [[880, 389], [296, 276]], [[923, 346], [315, 257]], [[900, 369], [300, 272]], [[952, 317], [333, 239]], [[962, 307], [340, 232]], [[966, 303], [345, 227]], [[942, 327], [331, 241]], [[936, 333], [323, 249]], [[911, 358], [305, 267]], [[902, 367], [307, 265]], [[958, 311], [339, 233]], [[927, 342], [320, 252]], [[945, 324], [330, 242]]], "accuracy": [40.24986420423683, 66.86583378598587, 53.2319391634981, 62.5746876697447, 61.7055947854427, 62.1401412275937, 62.085822922324816, 62.79196089082021, 64.09560021727322, 63.66105377512221, 64.69310157523086, 64.85605649103748, 64.80173818576861, 64.25855513307985, 64.3671917436176, 63.98696360673547, 63.38946224877784, 64.69310157523086, 64.04128191200435, 64.47582835415535], "best_acc": 66.86583378598587, "best_at_step": 2, "acc_per_class": [[15.99684791174153, 94.05594405594405], [81.7966903073286, 33.74125874125874], [40.42553191489361, 81.64335664335664], [65.87864460204885, 55.24475524475524], [64.4602048857368, 55.59440559440559], [67.7698975571316, 49.65034965034965], [67.13947990543736, 50.87412587412587], [69.34594168636721, 48.25174825174825], [72.7344365642238, 44.93006993006993], [70.92198581560284, 47.55244755244755], [75.01970055161544, 41.78321678321678], [75.80772261623325, 40.55944055944056], [76.12293144208037, 39.68531468531469], [74.23167848699764, 42.13286713286713], [73.75886524822694, 43.53146853146853], [71.78881008668243, 46.67832167832168], [71.0795902285264, 46.32867132867133], [75.49251379038613, 40.73426573426573], [73.04964539007092, 44.05594405594406], [74.46808510638297, 42.30769230769231]], "cost": [40.981080055236816, 38.25411731004715, 39.56201893091202, 38.23530250787735, 38.88734430074692, 39.508565843105316, 39.621520817279816, 39.90349364280701, 40.21249935030937, 40.292167603969574, 40.93669831752777, 41.023539900779724, 41.12713488936424, 40.916568249464035, 40.73911455273628, 40.89050054550171, 40.875134974718094, 41.32969495654106, 41.13875874876976, 41.06514796614647]}, "time_to_train": "1h:18m:33s"}}