{"dataset": "gdrive/MyDrive/Colab Notebooks/paper/00- My Data/one-phased method/Camel/Camel_DE - v.02.csv", "preprocessing_params": {"data": {"dataset": {"columns_name": ["text", "bug_class_2"], "columns_dtype": {"0": "str", "1": "int64"}, "bug_classes": [0, 1], "num_bug_classes": 2}}, "keyword_Based": true, "docMaxLen": 100}, "dataset_params": {"train_size": 0.8, "balance_train": false, "batch_size": 32}, "model_params": {"filter_sizes": [3, 4, 5], "conv_kernel_output_channel": 64, "embedding_size": 300, "longest_sentence_length": 17738, "dropout_zero_prob": 0.5}, "train_params": {"epochs": 20, "l2_reg_lambda": 0.1, "max_learning_rate": 0.005, "min_learning_rate": 0.0001, "decay_coefficient": 2.5}, "class_distributions": {"whole": {"0": 5863, "1": 3156}, "train": {"0": 4697, "1": 2518}, "validation": {"0": 1166, "1": 638}}, "model_results": {"train": {"confusion_matrix": [[[3746, 951], [1975, 543]], [[4236, 461], [1910, 608]], [[4210, 487], [1616, 902]], [[4261, 436], [1289, 1229]], [[4308, 389], [1021, 1497]], [[4351, 346], [886, 1632]], [[4409, 288], [731, 1787]], [[4433, 264], [645, 1873]], [[4460, 237], [598, 1920]], [[4481, 216], [529, 1989]], [[4470, 227], [522, 1996]], [[4496, 201], [485, 2033]], [[4521, 176], [469, 2049]], [[4498, 199], [439, 2079]], [[4490, 207], [451, 2067]], [[4514, 183], [434, 2084]], [[4515, 182], [420, 2098]], [[4505, 192], [443, 2075]], [[4504, 193], [424, 2094]], [[4516, 181], [398, 2120]]], "accuracy": [59.44559944559945, 67.13790713790713, 70.85239085239085, 76.0914760914761, 80.45738045738045, 82.92446292446293, 85.87664587664588, 87.4012474012474, 88.42688842688842, 89.67428967428968, 89.61884961884962, 90.4920304920305, 91.06029106029106, 91.15731115731116, 90.88011088011088, 91.44837144837145, 91.65627165627166, 91.1988911988912, 91.44837144837145, 91.97505197505198], "acc_per_class": [[79.7530338513945, 21.564733915806194], [90.18522461145412, 24.14614773629865], [89.63167979561422, 35.8220810166799], [90.71747924206942, 48.80857823669579], [91.71811794762614, 59.45194598888006], [92.63359591228443, 64.81334392374902], [93.8684266553119, 70.96902303415409], [94.37939110070258, 74.3844320889595], [94.95422610176708, 76.25099285146942], [95.40131999148393, 78.9912629070691], [95.1671279540132, 79.26926131850675], [95.7206727698531, 80.7386814932486], [96.25292740046838, 81.37410643367751], [95.76325314030231, 82.56552819698173], [95.59293165850544, 82.08895949166005], [96.1038961038961, 82.76409849086576], [96.1251862891207, 83.32009531374106], [95.9122844368746, 82.4066719618745], [95.89099425164999, 83.16123907863384], [96.14647647434532, 84.19380460683081]], "cost": [192.38136661052704, 144.23693400621414, 131.7470731139183, 118.01069274544716, 107.39586493372917, 98.39541625976562, 90.83649110794067, 86.83570532500744, 83.5385459959507, 80.31788705289364, 80.1627100110054, 78.18438740074635, 76.76134386658669, 76.28006945550442, 76.07716871798038, 74.72838969528675, 74.32830594480038, 74.76309104263783, 73.85680885612965, 72.32906010746956]}, "validation": {"confusion_matrix": [[[1137, 29], [603, 35]], [[1103, 63], [577, 61]], [[1045, 121], [534, 104]], [[1015, 151], [506, 132]], [[1066, 100], [557, 81]], [[999, 167], [477, 161]], [[908, 258], [423, 215]], [[1051, 115], [527, 111]], [[1025, 141], [500, 138]], [[1042, 124], [516, 122]], [[1011, 155], [485, 153]], [[1002, 164], [482, 156]], [[1039, 127], [508, 130]], [[1034, 132], [503, 135]], [[1024, 142], [502, 136]], [[1013, 153], [497, 141]], [[1043, 123], [524, 114]], [[1008, 158], [487, 151]], [[987, 179], [479, 159]], [[1011, 155], [494, 144]]], "accuracy": [64.96674057649668, 64.52328159645234, 63.69179600886918, 63.5809312638581, 63.5809312638581, 64.30155210643017, 62.25055432372506, 64.41241685144125, 64.46784922394679, 64.52328159645234, 64.52328159645234, 64.19068736141908, 64.80044345898004, 64.80044345898004, 64.30155210643017, 63.968957871396896, 64.13525498891353, 64.24611973392462, 63.52549889135255, 64.02439024390245], "best_acc": 64.96674057649668, "best_at_step": 1, "acc_per_class": [[97.51286449399656, 5.4858934169279], [94.59691252144083, 9.561128526645767], [89.62264150943396, 16.30094043887147], [87.04974271012007, 20.689655172413794], [91.42367066895368, 12.695924764890282], [85.67753001715266, 25.235109717868337], [77.87307032590051, 33.69905956112852], [90.13722126929675, 17.398119122257054], [87.9073756432247, 21.630094043887148], [89.36535162950257, 19.122257053291534], [86.70668953687822, 23.981191222570533], [85.93481989708405, 24.45141065830721], [89.10806174957119, 20.37617554858934], [88.67924528301887, 21.15987460815047], [87.82161234991423, 21.316614420062695], [86.87821612349914, 22.10031347962382], [89.45111492281303, 17.86833855799373], [86.44939965694682, 23.667711598746084], [84.64837049742711, 24.921630094043888], [86.70668953687822, 22.570532915360502]], "cost": [36.69665676355362, 35.921703696250916, 35.750481724739075, 35.79698267579079, 36.563842445611954, 36.23990902304649, 36.50471371412277, 36.89249536395073, 36.75122261047363, 37.10752737522125, 36.89451149106026, 37.084812700748444, 37.44619941711426, 37.583261638879776, 37.35504353046417, 37.480666756629944, 37.728486597537994, 37.15962842106819, 37.096391916275024, 37.24777942895889]}, "time_to_train": "2h:35m:23s"}}