{"dataset": "gdrive/MyDrive/Colab Notebooks/paper/00- My Data/Datasets/Direct Method/geode/geode_DE/geode_DE - v.01.csv", "preprocessing_params": {"columns_name": ["text", "bug_class_2"], "columns_dtype": {"0": "str", "1": "int64"}, "bug_classes": [0, 1], "num_bug_classes": 2, "keyword_Based": true, "docMaxLen": 100}, "dataset_params": {"train_size": 0.8, "balance_train": true, "batch_size": 32}, "model_params": {"filter_sizes": [3, 4, 5], "conv_kernel_output_channel": 64, "embedding_size": 300, "longest_sentence_length": 10883, "dropout_zero_prob": 0.5}, "train_params": {"epochs": 20, "l2_reg_lambda": 0.1, "max_learning_rate": 0.005, "min_learning_rate": 0.0001, "decay_coefficient": 2.5}, "class_distributions": {"whole": {"0": 2839, "1": 769}, "train_balanced": {"0": 1452, "1": 1432}, "train": {"0": 2280, "1": 604}, "validation": {"0": 557, "1": 165}}, "model_results": {"train": {"confusion_matrix": [[[916, 554], [561, 853]], [[1078, 374], [433, 999]], [[1173, 301], [305, 1105]], [[1204, 250], [235, 1195]], [[1275, 176], [163, 1270]], [[1261, 177], [129, 1317]], [[1310, 131], [112, 1331]], [[1361, 114], [104, 1305]], [[1317, 120], [96, 1351]], [[1355, 111], [86, 1332]], [[1429, 120], [96, 1239]], [[1340, 117], [93, 1334]], [[1359, 114], [85, 1326]], [[1357, 93], [79, 1355]], [[1385, 93], [71, 1335]], [[1371, 95], [83, 1335]], [[1306, 100], [78, 1400]], [[1366, 105], [64, 1349]], [[1385, 87], [67, 1345]], [[1371, 87], [64, 1362]]], "accuracy": [61.3384188626907, 72.01803051317614, 78.9875173370319, 83.18307905686547, 88.24549237170596, 89.38973647711512, 91.57420249653259, 92.44105409153953, 92.51040221914009, 93.16920943134535, 92.51040221914009, 92.71844660194175, 93.0998613037448, 94.03606102635229, 94.31345353675451, 93.82801664355063, 93.82801664355063, 94.14008321775313, 94.66019417475728, 94.76421636615811], "acc_per_class": [[62.31292517006802, 60.32531824611033], [74.24242424242425, 69.76256983240224], [79.57937584803257, 78.36879432624113], [82.80605226960111, 83.56643356643356], [87.87043418332185, 88.62526168876484], [87.69123783031989, 91.07883817427386], [90.9090909090909, 92.23839223839224], [92.27118644067797, 92.61887863733143], [91.64926931106471, 93.36558396682793], [92.42837653478854, 93.93511988716502], [92.2530664945126, 92.80898876404494], [91.96980096087853, 93.48283111422565], [92.26069246435846, 93.97590361445783], [93.58620689655173, 94.49093444909344], [93.70771312584574, 94.950213371266], [93.51978171896317, 94.14668547249647], [92.88762446657184, 94.72259810554804], [92.86199864038069, 95.47062986553433], [94.08967391304348, 95.25495750708215], [94.03292181069959, 95.51192145862552]], "cost": [89.45286706089973, 58.0827542245388, 49.10900142788887, 43.216484397649765, 36.46180287003517, 34.255144506692886, 31.273631244897842, 29.145306289196014, 28.239457443356514, 28.040685087442398, 28.036201283335686, 28.33778776228428, 27.02616874873638, 26.334933578968048, 25.39432503283024, 25.42787890136242, 25.862524762749672, 25.53653611242771, 23.859734773635864, 24.192174017429352]}, "validation": {"confusion_matrix": [[[512, 45], [133, 32]], [[380, 177], [77, 88]], [[390, 167], [82, 83]], [[489, 68], [130, 35]], [[433, 124], [110, 55]], [[484, 73], [127, 38]], [[480, 77], [127, 38]], [[491, 66], [131, 34]], [[505, 52], [138, 27]], [[492, 65], [133, 32]], [[508, 49], [144, 21]], [[498, 59], [136, 29]], [[497, 60], [136, 29]], [[496, 61], [138, 27]], [[512, 45], [144, 21]], [[501, 56], [141, 24]], [[486, 71], [134, 31]], [[496, 61], [136, 29]], [[500, 57], [138, 27]], [[503, 54], [143, 22]]], "accuracy": [75.34626038781164, 64.81994459833795, 65.51246537396122, 72.57617728531855, 67.59002770083103, 72.29916897506925, 71.74515235457064, 72.71468144044321, 73.68421052631578, 72.57617728531855, 73.26869806094183, 72.99168975069253, 72.85318559556787, 72.4376731301939, 73.82271468144043, 72.71468144044321, 71.60664819944598, 72.71468144044321, 72.99168975069253, 72.71468144044321], "best_acc": 75.34626038781164, "best_at_step": 1, "acc_per_class": [[91.92100538599641, 19.393939393939394], [68.2226211849192, 53.333333333333336], [70.01795332136446, 50.303030303030305], [87.79174147217235, 21.21212121212121], [77.737881508079, 33.33333333333333], [86.89407540394973, 23.03030303030303], [86.17594254937163, 23.03030303030303], [88.1508078994614, 20.606060606060606], [90.66427289048474, 16.363636363636363], [88.33034111310593, 19.393939393939394], [91.20287253141831, 12.727272727272727], [89.40754039497307, 17.575757575757574], [89.22800718132855, 17.575757575757574], [89.04847396768402, 16.363636363636363], [91.92100538599641, 12.727272727272727], [89.94614003590664, 14.545454545454545], [87.25314183123878, 18.787878787878785], [89.04847396768402, 17.575757575757574], [89.76660682226212, 16.363636363636363], [90.30520646319569, 13.333333333333334]], "cost": [12.498590379953384, 14.305132806301117, 14.085617035627365, 12.850833922624588, 13.41148254275322, 12.777552038431168, 12.787699967622757, 12.66423761844635, 12.634393990039825, 12.710657238960266, 12.81053838133812, 12.746582686901093, 13.062137305736542, 12.840467363595963, 12.908327609300613, 12.96667194366455, 13.091306447982788, 13.055291682481766, 12.816413968801498, 12.96083778142929]}, "time_to_train": "0h:51m:28s"}}