{"dataset": "gdrive/MyDrive/Colab Notebooks/paper/00- My Data/one-phased method/Hbase/Hbase_DE - v.01.csv", "preprocessing_params": {"data": {"dataset": {"columns_name": ["text", "bug_class_2"], "columns_dtype": {"0": "str", "1": "int64"}, "bug_classes": [0, 1], "num_bug_classes": 2}}, "keyword_Based": true, "docMaxLen": 100}, "dataset_params": {"train_size": 0.8, "balance_train": false, "batch_size": 32}, "model_params": {"filter_sizes": [3, 4, 5], "conv_kernel_output_channel": 64, "embedding_size": 300, "longest_sentence_length": 8256, "dropout_zero_prob": 0.5}, "train_params": {"epochs": 20, "l2_reg_lambda": 0.1, "max_learning_rate": 0.005, "min_learning_rate": 0.0001, "decay_coefficient": 2.5}, "class_distributions": {"whole": {"0": 6144, "1": 3057}, "train": {"0": 4840, "1": 2520}, "validation": {"0": 1304, "1": 537}}, "model_results": {"train": {"confusion_matrix": [[[2588, 2252], [1113, 1407]], [[3078, 1762], [881, 1639]], [[3423, 1417], [725, 1795]], [[3649, 1191], [573, 1947]], [[3950, 890], [435, 2085]], [[4046, 794], [380, 2140]], [[4161, 679], [321, 2199]], [[4236, 604], [243, 2277]], [[4333, 507], [238, 2282]], [[4334, 506], [224, 2296]], [[4342, 498], [230, 2290]], [[4363, 477], [212, 2308]], [[4408, 432], [196, 2324]], [[4414, 426], [201, 2319]], [[4411, 429], [199, 2321]], [[4425, 415], [193, 2327]], [[4448, 392], [165, 2355]], [[4472, 368], [160, 2360]], [[4488, 352], [159, 2361]], [[4448, 392], [182, 2338]]], "accuracy": [54.27989130434783, 64.08967391304347, 70.89673913043478, 76.03260869565217, 81.99728260869566, 84.04891304347825, 86.41304347826086, 88.49184782608695, 89.87771739130434, 90.08152173913044, 90.1086956521739, 90.63858695652173, 91.46739130434783, 91.48097826086956, 91.46739130434783, 91.73913043478261, 92.4320652173913, 92.82608695652173, 93.0570652173913, 92.20108695652173], "acc_per_class": [[53.471074380165284, 55.833333333333336], [63.59504132231405, 65.03968253968254], [70.72314049586777, 71.23015873015873], [75.39256198347107, 77.26190476190476], [81.61157024793388, 82.73809523809523], [83.59504132231405, 84.92063492063492], [85.97107438016529, 87.26190476190476], [87.52066115702479, 90.35714285714286], [89.52479338842976, 90.55555555555556], [89.54545454545455, 91.11111111111111], [89.7107438016529, 90.87301587301587], [90.14462809917354, 91.58730158730158], [91.07438016528926, 92.22222222222223], [91.19834710743801, 92.02380952380952], [91.13636363636364, 92.1031746031746], [91.42561983471074, 92.34126984126985], [91.90082644628099, 93.45238095238095], [92.39669421487604, 93.65079365079364], [92.72727272727272, 93.69047619047619], [91.90082644628099, 92.77777777777779]], "cost": [204.5401367545128, 151.8718360066414, 136.45597702264786, 122.10833996534348, 107.7890417277813, 99.67309853434563, 93.69418314099312, 86.46146522462368, 83.39519584178925, 80.79721465706825, 80.30147974193096, 78.75709696114063, 77.13989745080471, 77.27458773553371, 75.96777622401714, 74.91892881691456, 73.70654597878456, 73.1248977035284, 71.88915710151196, 74.25148765742779]}, "validation": {"confusion_matrix": [[[456, 848], [121, 416]], [[903, 401], [306, 231]], [[745, 559], [217, 320]], [[900, 404], [299, 238]], [[792, 512], [246, 291]], [[898, 406], [290, 247]], [[821, 483], [251, 286]], [[871, 433], [277, 260]], [[792, 512], [241, 296]], [[943, 361], [313, 224]], [[917, 387], [303, 234]], [[940, 364], [319, 218]], [[924, 380], [310, 227]], [[897, 407], [293, 244]], [[939, 365], [316, 221]], [[894, 410], [285, 252]], [[927, 377], [306, 231]], [[932, 372], [310, 227]], [[964, 340], [323, 214]], [[935, 369], [308, 229]]], "accuracy": [47.36556219445953, 61.59695817490495, 57.84899511135253, 61.81423139598044, 58.82672460619228, 62.19445953286258, 60.1303639326453, 61.43400325909831, 59.09831613253667, 63.38946224877784, 62.520369364475826, 62.90059750135796, 62.520369364475826, 61.97718631178707, 63.00923411189571, 62.24877783813145, 62.90059750135796, 62.95491580662683, 63.98696360673547, 63.22650733297122], "best_acc": 63.98696360673547, "best_at_step": 19, "acc_per_class": [[34.96932515337423, 77.46741154562383], [69.24846625766872, 43.01675977653631], [57.1319018404908, 59.5903165735568], [69.01840490797547, 44.320297951582866], [60.73619631901841, 54.18994413407822], [68.86503067484662, 45.99627560521415], [62.9601226993865, 53.25884543761639], [66.79447852760735, 48.4171322160149], [60.73619631901841, 55.121042830540034], [72.3159509202454, 41.71322160148976], [70.32208588957054, 43.575418994413404], [72.08588957055214, 40.59590316573557], [70.85889570552148, 42.27188081936685], [68.78834355828221, 45.43761638733706], [72.00920245398773, 41.154562383612664], [68.55828220858896, 46.927374301675975], [71.08895705521472, 43.01675977653631], [71.47239263803681, 42.27188081936685], [73.92638036809815, 39.85102420856611], [71.70245398773007, 42.64432029795158]], "cost": [40.24538093805313, 39.17034250497818, 39.971653044223785, 39.839503824710846, 40.90232193470001, 41.043320298194885, 41.58971053361893, 42.014585733413696, 42.33268117904663, 42.59115922451019, 42.544860780239105, 42.55479493737221, 42.79309296607971, 42.53708750009537, 42.93011677265167, 42.67184540629387, 42.96995988488197, 43.00796848535538, 43.34427985548973, 43.184091329574585]}, "time_to_train": "1h:20m:49s"}}