{"dataset": "gdrive/MyDrive/Colab Notebooks/paper/00- My Data/one-phased method/CloudStack/CloudStack_DE - v.01.csv", "preprocessing_params": {"data": {"dataset": {"columns_name": ["text", "bug_class_2"], "columns_dtype": {"0": "str", "1": "int64"}, "bug_classes": [0, 1], "num_bug_classes": 2}}, "keyword_Based": true, "docMaxLen": 100}, "dataset_params": {"train_size": 0.8, "balance_train": false, "batch_size": 32}, "model_params": {"filter_sizes": [3, 4, 5], "conv_kernel_output_channel": 64, "embedding_size": 300, "longest_sentence_length": 10473, "dropout_zero_prob": 0.5}, "train_params": {"epochs": 20, "l2_reg_lambda": 0.1, "max_learning_rate": 0.005, "min_learning_rate": 0.0001, "decay_coefficient": 2.5}, "class_distributions": {"whole": {"0": 2388, "1": 1011}, "train": {"0": 1918, "1": 801}, "validation": {"0": 470, "1": 210}}, "model_results": {"train": {"confusion_matrix": [[[1075, 843], [392, 409]], [[1246, 672], [319, 482]], [[1411, 507], [231, 570]], [[1519, 399], [187, 614]], [[1571, 347], [143, 658]], [[1607, 311], [122, 679]], [[1645, 273], [108, 693]], [[1678, 240], [86, 715]], [[1695, 223], [80, 721]], [[1720, 198], [70, 731]], [[1721, 197], [74, 727]], [[1733, 185], [76, 725]], [[1722, 196], [67, 734]], [[1748, 170], [62, 739]], [[1729, 189], [64, 737]], [[1738, 180], [68, 733]], [[1759, 159], [59, 742]], [[1758, 160], [57, 744]], [[1737, 181], [52, 749]], [[1770, 148], [54, 747]]], "accuracy": [54.57888929753586, 63.552776756160355, 72.85766826038986, 78.44795880838544, 81.97866862817213, 84.07502758367048, 85.98749540272159, 88.01029790364105, 88.85619713129827, 90.14343508642884, 90.0331004045605, 90.40088267745494, 90.32732622287605, 91.46745126884885, 90.6951084957705, 90.87899963221773, 91.98234645090106, 92.01912467819051, 91.4306730415594, 92.57079808753218], "acc_per_class": [[56.04796663190824, 51.06117353308365], [64.96350364963503, 60.17478152309613], [73.56621480709073, 71.16104868913857], [79.1970802919708, 76.6541822721598], [81.90823774765381, 82.14731585518102], [83.78519290928051, 84.76903870162296], [85.76642335766424, 86.51685393258427], [87.48696558915537, 89.26342072409487], [88.3733055265902, 90.01248439450687], [89.67674661105318, 91.2609238451935], [89.72888425443169, 90.76154806491886], [90.35453597497393, 90.51186017478152], [89.78102189781022, 91.6354556803995], [91.13660062565172, 92.25967540574283], [90.14598540145985, 92.0099875156055], [90.61522419186653, 91.51061173533084], [91.71011470281543, 92.63420724094883], [91.65797705943692, 92.88389513108615], [90.563086548488, 93.50811485642946], [92.28362877997914, 93.25842696629213]], "cost": [100.29841560125351, 63.384597301483154, 53.689345955848694, 47.34406390786171, 43.69220635294914, 40.149531066417694, 38.41069453954697, 35.561019003391266, 34.233963906764984, 32.13734199106693, 31.720631062984467, 31.388841316103935, 31.166373699903488, 30.38112683594227, 30.332928851246834, 30.141923055052757, 29.748995199799538, 29.01306974887848, 29.340425297617912, 28.68855807185173]}, "validation": {"confusion_matrix": [[[175, 295], [46, 164]], [[298, 172], [105, 105]], [[316, 154], [110, 100]], [[321, 149], [113, 97]], [[355, 115], [136, 74]], [[310, 160], [114, 96]], [[292, 178], [106, 104]], [[328, 142], [121, 89]], [[335, 135], [126, 84]], [[355, 115], [139, 71]], [[349, 121], [135, 75]], [[345, 125], [131, 79]], [[361, 109], [142, 68]], [[351, 119], [136, 74]], [[370, 100], [143, 67]], [[355, 115], [139, 71]], [[362, 108], [140, 70]], [[358, 112], [139, 71]], [[391, 79], [154, 56]], [[362, 108], [140, 70]]], "accuracy": [49.85294117647059, 59.26470588235294, 61.1764705882353, 61.47058823529412, 63.088235294117645, 59.705882352941174, 58.235294117647065, 61.32352941176471, 61.617647058823536, 62.64705882352941, 62.35294117647059, 62.35294117647059, 63.088235294117645, 62.5, 64.26470588235294, 62.64705882352941, 63.52941176470588, 63.088235294117645, 65.73529411764706, 63.52941176470588], "best_acc": 65.73529411764706, "best_at_step": 19, "acc_per_class": [[37.234042553191486, 78.0952380952381], [63.40425531914894, 50.0], [67.23404255319149, 47.61904761904761], [68.29787234042554, 46.19047619047619], [75.53191489361703, 35.23809523809524], [65.95744680851064, 45.714285714285715], [62.12765957446808, 49.523809523809526], [69.7872340425532, 42.38095238095238], [71.27659574468085, 40.0], [75.53191489361703, 33.80952380952381], [74.25531914893617, 35.714285714285715], [73.40425531914893, 37.61904761904762], [76.80851063829788, 32.38095238095238], [74.68085106382979, 35.23809523809524], [78.72340425531915, 31.9047619047619], [75.53191489361703, 33.80952380952381], [77.02127659574468, 33.33333333333333], [76.17021276595744, 33.80952380952381], [83.19148936170212, 26.666666666666668], [77.02127659574468, 33.33333333333333]], "cost": [15.231558442115784, 14.80696153640747, 15.271583259105682, 14.941430270671844, 15.577357470989227, 15.25656658411026, 15.449483215808868, 15.413304805755615, 15.469514071941376, 16.094572842121124, 16.46445506811142, 15.862876176834106, 16.478003561496735, 15.936902642250061, 16.27864384651184, 16.26501899957657, 16.439553558826447, 16.219673216342926, 17.15098011493683, 16.540944814682007]}, "time_to_train": "0h:38m:38s"}}