{"dataset": "gdrive/MyDrive/Colab Notebooks/paper/00- My Data/one-phased method/Camel/Camel_DE - v.02.csv", "preprocessing_params": {"data": {"dataset": {"columns_name": ["text", "bug_class_2"], "columns_dtype": {"0": "str", "1": "int64"}, "bug_classes": [0, 1], "num_bug_classes": 2}}, "keyword_Based": true, "docMaxLen": 100}, "dataset_params": {"train_size": 0.8, "balance_train": false, "batch_size": 32}, "model_params": {"filter_sizes": [3, 4, 5], "conv_kernel_output_channel": 64, "embedding_size": 300, "longest_sentence_length": 17738, "dropout_zero_prob": 0.5}, "train_params": {"epochs": 20, "l2_reg_lambda": 0.1, "max_learning_rate": 0.005, "min_learning_rate": 0.0001, "decay_coefficient": 2.5}, "class_distributions": {"whole": {"0": 5863, "1": 3156}, "train": {"0": 4697, "1": 2518}, "validation": {"0": 1166, "1": 638}}, "model_results": {"train": {"confusion_matrix": [[[2409, 2288], [1170, 1348]], [[2912, 1785], [932, 1586]], [[3153, 1544], [778, 1740]], [[3448, 1249], [632, 1886]], [[3736, 961], [477, 2041]], [[3907, 790], [412, 2106]], [[4004, 693], [345, 2173]], [[4023, 674], [277, 2241]], [[4165, 532], [253, 2265]], [[4182, 515], [250, 2268]], [[4222, 475], [234, 2284]], [[4250, 447], [226, 2292]], [[4262, 435], [200, 2318]], [[4267, 430], [207, 2311]], [[4282, 415], [195, 2323]], [[4300, 397], [194, 2324]], [[4298, 399], [191, 2327]], [[4319, 378], [171, 2347]], [[4349, 348], [165, 2353]], [[4324, 373], [165, 2353]]], "accuracy": [52.072072072072075, 62.34234234234234, 67.81704781704782, 73.92931392931393, 80.06930006930007, 83.34026334026335, 85.61330561330561, 86.81912681912682, 89.11988911988912, 89.3970893970894, 90.17325017325018, 90.67221067221067, 91.1988911988912, 91.17117117117117, 91.54539154539154, 91.8087318087318, 91.82259182259183, 92.3908523908524, 92.8898128898129, 92.54331254331254], "acc_per_class": [[51.288056206088996, 53.53455123113582], [61.99701937406855, 62.98649722001588], [67.12795401319993, 69.10246227164416], [73.4085586544603, 74.90071485305798], [79.54013199914839, 81.05639396346307], [83.18075367255695, 83.63780778395552], [85.24590163934425, 86.29864972200158], [85.65041515861188, 88.99920571882446], [88.6736214605067, 89.95234312946782], [89.03555460932509, 90.07148530579825], [89.88716201830957, 90.70691024622717], [90.48328720459868, 91.02462271644161], [90.73876942729402, 92.0571882446386], [90.84522035341708, 91.77918983320096], [91.16457313178624, 92.25575853852264], [91.54779646582925, 92.29547259729944], [91.50521609538002, 92.41461477362986], [91.95230998509687, 93.208895949166], [92.5910155418352, 93.44718030182685], [92.05876091121993, 93.44718030182685]], "cost": [206.25483179092407, 154.85913202166557, 141.28634756803513, 127.77333003282547, 112.82414656877518, 102.24046593904495, 95.93402251601219, 91.27607879042625, 86.55776824057102, 84.73913809657097, 82.5403773188591, 80.67477485537529, 79.78663013875484, 80.44670802354813, 78.48287442326546, 77.21791170537472, 76.87622700631618, 75.32296141982079, 74.58887721598148, 74.7118611484766]}, "validation": {"confusion_matrix": [[[149, 1017], [24, 614]], [[1001, 165], [506, 132]], [[790, 376], [355, 283]], [[575, 591], [207, 431]], [[723, 443], [290, 348]], [[742, 424], [306, 332]], [[754, 412], [301, 337]], [[870, 296], [377, 261]], [[778, 388], [319, 319]], [[865, 301], [377, 261]], [[874, 292], [384, 254]], [[842, 324], [360, 278]], [[833, 333], [351, 287]], [[851, 315], [363, 275]], [[811, 355], [339, 299]], [[801, 365], [331, 307]], [[850, 316], [363, 275]], [[856, 310], [365, 273]], [[813, 353], [346, 292]], [[856, 310], [365, 273]]], "accuracy": [42.29490022172949, 62.80487804878049, 59.4789356984479, 55.7649667405765, 59.3680709534368, 59.534368070953434, 60.47671840354767, 62.6940133037694, 60.80931263858093, 62.41685144124168, 62.52771618625277, 62.08425720620843, 62.08425720620843, 62.41685144124168, 61.529933481153, 61.4190687361419, 62.36141906873615, 62.58314855875832, 61.25277161862528, 62.58314855875832], "best_acc": 62.80487804878049, "best_at_step": 2, "acc_per_class": [[12.778730703259006, 96.23824451410658], [85.84905660377359, 20.689655172413794], [67.75300171526587, 44.357366771159874], [49.313893653516296, 67.55485893416929], [62.00686106346483, 54.54545454545454], [63.63636363636363, 52.03761755485894], [64.6655231560892, 52.82131661442007], [74.61406518010291, 40.909090909090914], [66.7238421955403, 50.0], [74.1852487135506, 40.909090909090914], [74.95711835334477, 39.811912225705335], [72.21269296740995, 43.573667711598745], [71.44082332761577, 44.98432601880878], [72.98456260720411, 43.103448275862064], [69.55403087478558, 46.86520376175549], [68.69639794168097, 48.11912225705329], [72.89879931389366, 43.103448275862064], [73.41337907375643, 42.78996865203762], [69.72555746140652, 45.76802507836991], [73.41337907375643, 42.78996865203762]], "cost": [39.5609484910965, 39.47196424007416, 38.89373695850372, 39.11243861913681, 39.33441925048828, 39.58054852485657, 40.028708934783936, 41.264473140239716, 40.58556365966797, 41.711489617824554, 42.05093604326248, 41.52239811420441, 41.454799354076385, 41.46991500258446, 41.38975638151169, 41.53940832614899, 41.992014199495316, 41.955509424209595, 41.78380763530731, 42.28532725572586]}, "time_to_train": "2h:56m:2s"}}