{"dataset": "gdrive/MyDrive/Colab Notebooks/paper/00- My Data/one-phased method/Geode/Geode_DE - v.01.csv", "preprocessing_params": {"data": {"dataset": {"columns_name": ["text", "bug_class_2"], "columns_dtype": {"0": "str", "1": "int64"}, "bug_classes": [0, 1], "num_bug_classes": 2}}, "keyword_Based": true, "docMaxLen": 100}, "dataset_params": {"train_size": 0.8, "balance_train": false, "batch_size": 32}, "model_params": {"filter_sizes": [3, 4, 5], "conv_kernel_output_channel": 64, "embedding_size": 300, "longest_sentence_length": 10883, "dropout_zero_prob": 0.5}, "train_params": {"epochs": 20, "l2_reg_lambda": 0.1, "max_learning_rate": 0.005, "min_learning_rate": 0.0001, "decay_coefficient": 2.5}, "class_distributions": {"whole": {"0": 2839, "1": 769}, "train": {"0": 2276, "1": 608}, "validation": {"0": 561, "1": 161}}, "model_results": {"train": {"confusion_matrix": [[[1270, 1006], [297, 311]], [[1635, 641], [235, 373]], [[1716, 560], [188, 420]], [[1802, 474], [150, 458]], [[1872, 404], [128, 480]], [[1927, 349], [105, 503]], [[1972, 304], [96, 512]], [[1996, 280], [86, 522]], [[1993, 283], [75, 533]], [[2041, 235], [64, 544]], [[2024, 252], [72, 536]], [[2017, 259], [69, 539]], [[2038, 238], [63, 545]], [[2052, 224], [56, 552]], [[2062, 214], [67, 541]], [[2063, 213], [50, 558]], [[2049, 227], [58, 550]], [[2066, 210], [50, 558]], [[2073, 203], [60, 548]], [[2077, 199], [49, 559]]], "accuracy": [54.81969486823856, 69.62552011095701, 74.06380027739252, 78.36338418862691, 81.55339805825243, 84.25797503467406, 86.13037447988904, 87.30929264909847, 87.5866851595007, 89.63245492371706, 88.76560332871013, 88.62690707350902, 89.56310679611651, 90.29126213592234, 90.25658807212206, 90.88072122052705, 90.11789181692095, 90.98474341192788, 90.88072122052705, 91.40083217753121], "acc_per_class": [[55.799648506151144, 51.151315789473685], [71.8365553602812, 61.348684210526315], [75.39543057996485, 69.07894736842105], [79.17398945518454, 75.32894736842105], [82.24956063268893, 78.94736842105263], [84.66608084358523, 82.73026315789474], [86.64323374340948, 84.21052631578947], [87.69771528998243, 85.85526315789474], [87.56590509666081, 87.66447368421053], [89.67486818980667, 89.47368421052632], [88.92794376098419, 88.1578947368421], [88.62038664323374, 88.65131578947368], [89.54305799648506, 89.63815789473685], [90.15817223198594, 90.78947368421053], [90.59753954305799, 88.98026315789474], [90.6414762741652, 91.77631578947368], [90.02636203866432, 90.46052631578947], [90.77328646748683, 91.77631578947368], [91.08084358523726, 90.13157894736842], [91.25659050966608, 91.94078947368422]], "cost": [109.55130612850189, 65.00338730216026, 56.94320645928383, 51.18569973111153, 46.855185598134995, 42.36452531814575, 40.21434736251831, 37.97867465019226, 37.65446522831917, 34.675416350364685, 35.52936518192291, 34.64916267991066, 33.537403509020805, 32.82969443500042, 33.32195723056793, 31.980289176106453, 32.037526711821556, 31.42014640569687, 31.66739383339882, 30.88726994395256]}, "validation": {"confusion_matrix": [[[392, 169], [89, 72]], [[314, 247], [67, 94]], [[359, 202], [77, 84]], [[312, 249], [64, 97]], [[464, 97], [122, 39]], [[433, 128], [111, 50]], [[405, 156], [92, 69]], [[409, 152], [95, 66]], [[467, 94], [124, 37]], [[458, 103], [121, 40]], [[478, 83], [130, 31]], [[470, 91], [127, 34]], [[488, 73], [132, 29]], [[484, 77], [132, 29]], [[471, 90], [127, 34]], [[469, 92], [127, 34]], [[465, 96], [127, 34]], [[467, 94], [126, 35]], [[475, 86], [130, 31]], [[480, 81], [130, 31]]], "accuracy": [64.26592797783933, 56.50969529085873, 61.35734072022161, 56.64819944598338, 69.66759002770083, 66.89750692520776, 65.65096952908587, 65.78947368421053, 69.80609418282549, 68.97506925207756, 70.49861495844875, 69.80609418282549, 71.60664819944598, 71.05263157894737, 69.94459833795014, 69.66759002770083, 69.11357340720221, 69.52908587257618, 70.08310249307479, 70.77562326869807], "best_acc": 71.60664819944598, "best_at_step": 13, "acc_per_class": [[69.87522281639929, 44.72049689440994], [55.97147950089126, 58.38509316770186], [63.992869875222816, 52.17391304347826], [55.61497326203209, 60.24844720496895], [82.70944741532978, 24.22360248447205], [77.18360071301248, 31.05590062111801], [72.19251336898395, 42.857142857142854], [72.90552584670232, 40.993788819875775], [83.24420677361853, 22.981366459627328], [81.63992869875223, 24.84472049689441], [85.20499108734403, 19.25465838509317], [83.77896613190731, 21.11801242236025], [86.98752228163993, 18.012422360248447], [86.27450980392157, 18.012422360248447], [83.9572192513369, 21.11801242236025], [83.60071301247773, 21.11801242236025], [82.88770053475936, 21.11801242236025], [83.24420677361853, 21.73913043478261], [84.67023172905526, 19.25465838509317], [85.56149732620321, 19.25465838509317]], "cost": [15.485113203525543, 15.25960373878479, 15.395345270633698, 15.703127324581146, 16.388151198625565, 16.21464067697525, 16.015062630176544, 16.268828749656677, 17.035342395305634, 16.561264991760254, 17.430939078330994, 17.22089511156082, 17.63325345516205, 17.698755264282227, 17.49225401878357, 17.47951066493988, 17.55188947916031, 17.420968532562256, 17.830140829086304, 18.059301406145096]}, "time_to_train": "0h:43m:42s"}}